Pyotr,Knoller,17F0+F/FbpgKsHGYq3tFvA==
Jeane,Boodell,4w4r1A/sbPe4OUy1xv+Xrg==
Amory,Piola,1RYKtpge/L/Y5KlrVfef9A==
Lynett,Maun,Ned2qDUWnxtlvJx38sBXYA==
Ingemar,Dukesbury,kU2RTUAWfyptIbOrqwyTVg==
Tobe,Casotti,B8vE1OYoJnWtOxhited+Mg==
Ondrea,McLeese,1khX28CvCIcgiOiUek79AA==
Jules,Bech,TeQAchU6F7uD1DK4RGhl5Q==
Tomi,Tattam,U9qzTbS4zjpd4yegdQ/8sQ==
Katharina,Greenmon,uX1UNEcCMvKA6HYT1h0wsQ==
Dael,McTeague,4cjhe9bDgRe7i2/REESLng==
Tonie,Cyson,mqCHyOqZf7iHFjjxlgtFqQ==
Rik,Menichillo,9Cw9++CzWZq3rhXJfQoLDA==
Midge,Pietruszka,yVjWzP8VdQSz6r33AIhU+Q==
Berky,Renfield,9Gyiu8JQ6viT2Wl8KkxI2Q==
Eldon,Udey,2VZCZY7AFdYi3jcUk+dQ3A==
Brnaba,Wigg,2opxt5rLctm4nwRry2wH0w==
Fifi,Kitchaside,rTMtA7VQizCImVBjhYHPZA==
Chalmers,Nix,783265lSYXyc6Fko5HRRWQ==
Angele,Koenraad,lRbDE3fx8lmt+X3ibTY71Q==
Vachel,Raffeorty,kkPK4BuVurfCD55TAROJrQ==
Danica,Parr,xT8LqxLJMulYa8a0XoN7dg==
Shelly,Guidera,Bgv2u3Zh6nBeRTqnPy9+Fg==
Sigismond,Leal,1JU8HdOA1gm+ODRqQaqaBg==
Madalena,Coles,0Io5K9P5n4uo5uj6Zqzwlw==
Auberon,Braizier,SyfILsIc0L7dn+vb/Ky3Zg==
Buddy,Digle,nTC9mZQ5PeuUwzSDCKwTrg==
Clarette,Lanchberry,hzJQ9Ms+F9FdokT1vc/K9A==
Allina,Joncic,AXzsR+8SuZx4JcQbEWP2dA==
Lynnelle,Dinis,ByAm0PZLS+Yqanl0fBqVhg==
Godiva,Laslett,fLuACQ+C+2nbiPVRDuA3uA==
Beret,Boxhill,kVZl8Z0S+schfHN43nRLgA==
Berta,Jansie,TgCqhsMgLUiZYPgqvfcCcQ==
Verena,Birkhead,iwvt3ZpuxTx8DBpE/T/rdg==
Tania,Bonifant,w/mLcLfV3XNfAY8BDC9DnQ==
Zorina,Bootman,47Rn4HgqUEySm4I683xJ1A==
Erek,Giannoni,kW1c8JP22Gmstyf3MYo3MQ==
Dani,Simoni,Y18VLM263JEq+LE9tINj/A==
Garwood,Lichfield,RbMHpsMocnGUBotP7WWmqw==
Fernando,Hardingham,RYQCRbptHGC7M6L1GYkNKw==
Avigdor,Everall,Ch4+wyeEoTWMpn8ii7BxsA==
Kameko,Fforde,MfuLITTrTeppeQvu0x3RGg==
Amos,Corney,2/+kE9Mc2VNEFkjEb60H6A==
Shandee,Cadwaladr,nDckrSxhB2Pddj6iU4RLjQ==
Sonnnie,McCracken,heNAbAnPAKp1NFq6CkpRAg==
Marybelle,Piddlehinton,ok9jM/vMNQU6iyBQMiZJIg==
Clari,Gabbidon,D6mWWdRpu0Pcdl4Fi+MDHg==
Sibby,Bidder,M7A4JNMz3jlB4dj07Ehsrw==
Marillin,Jorat,hn2u2gYNRqFlhQqCdm0zWQ==
Florina,Malsher,fLAuZirDTO6weZPrPJKc+w==
Junette,Dobell,lmvgUgRVa+8cmYdvE4hykQ==
Debora,Swendell,mwgwUewhEQ2YIZh5TVVrLQ==
Benjie,Dumper,wl0k7u1E3E4bWG3mBj8dUQ==
Jens,Angel,jQ26x9QOBJFQCTfrNwlFsQ==
Shaylyn,Alliot,peBEnfQJOhDeFNCNFGk/qw==
Nickolaus,Ropartz,+fBpwFuBjqeMQQNSRriC2g==
Emelina,Caverhill,GoNftua7aKdIW98sU2okVQ==
Abraham,Mingauld,O86tiMA4sCrkOKbyOAnp0A==
Skippy,Founds,xaUmiSdoE2uBpwAVDXQxKg==
Saxon,Lewsie,mLD6Q0ozfgF+L8alLI9rFA==
Keven,Andreassen,6NecGip/Y99vGgKRB+tb+Q==
Sherie,Turtle,kwfR+Vy8PAU4z8Zn//mnLw==
Marylee,Frayn,N/GJdR4I2j4BalgoE/ICNg==
Kyle,Lesor,d+ZULxS+7GoMsBfqsbpBTw==
Gard,Lafferty,3AC0T8vFKe5LkzUzhLWXog==
Violetta,Poser,jZyZ8F/3Wj/z6/cIaKZYlQ==
Scot,Polle,Io7SiGnGiSQCtMBBcP3M4Q==
Halsy,Evert,dj5bfMKmnZ/sVzc8ur/Q3g==
Laurene,Faircliff,wi/qAmyHEz/2VcHZC7SulQ==
Alaster,Slevin,1nA+4mqBqLaYprI0F1OCGA==
Brooks,Olivella,njgsP2qPYa6ljKDuEzc7fQ==
Scot,Straw,+aNY84sFNOX7f1o+96Z06A==
Matteo,Mathewson,TV8xGNY9qtpxxTfnISJdng==
Rachel,Manus,YlKk0Z80BJFxrQSYuCrrHA==
Roanna,Rimer,JwIZWMlIwIsDCpZ1Bn+FhA==
Mia,Prisk,QR/QRuMhFQFJMLuFxQJbLg==
Marcellus,McRobb,SZWggZ1XNTdSRh7LpC2HHw==
Adolph,Ellingworth,a9ngi6GDOczxvOHWy2HE0Q==
Myrle,Bloore,U+3FM/3ePnRNuc/UkzXJ2g==
Loralee,McInility,9JEL8mFWarz+AGOg2lTZgw==
Sara-ann,Coan,wZKpYY9Va1j7bBlE0BpzBw==
Tab,Finlow,tfdvauoKVIuLHW2+UwJsBA==
Salim,Blemings,eegHY8dJ3e6jshVUVHQ7dw==
Luigi,McClosh,NCH0zf1LTMrnufMY475/Ng==
Annecorinne,Pentecust,3lZxx2/h5/RAi3iIqkkTuA==
Herbert,Wilfling,a8iu7BtOSkz1+120//1mIQ==
Jerald,Twigley,1ZmzOzNZ70xUzs5TDacb1A==
Rouvin,Lagde,GoIVF46wyRjrg5EfZPI5Ig==
Meredith,Edwards,i1nL1a6nC7XB5FFbcBZBVg==
Ricky,Weich,950YkE463taAPMdKOQpPbA==
Chevalier,Kendred,7WHF7/HM9sTc/DHK45mYfg==
Dan,Balentyne,lluT9gXOcOA8DeAmi8PLaw==
Guenevere,Mangenot,6ZPTz/B4hnmt97yzQKxDvw==
Mac,McKernan,Z4lUkJCWuMkoU0VFqIF6SQ==
Rena,Foulger,4FFCUIfwyusOs7SDToi0qQ==
Katusha,Agus,9cUw/1qTzlmqcSMtx0VbLA==
Niccolo,Robathon,TrrQshMj3/GpRI4k4LQaBQ==
Bessie,Watkiss,E4plYs8dTC/TcBP/n8vfVA==
Reinold,Begwell,haC5nrE+c7953FCvEVCa2Q==
Corrie,Gogie,BAradtOTlnxieAeGBmp07g==
Yolane,Skepper,Cg6LXNVBBnDuW42zy/wpJw==
Lindsay,D'Costa,Yrk/00VLLIZSyZ/hI8hYzw==
Gabie,MacGraith,Zcr2ONHHArybD3oH2szabA==
Luisa,Cantle,GdYgYVGdkX3cx3nMzkQJ8g==
Urbain,Shakespear,04/o/zuiHzk9KeOyxPEKuw==
Selinda,Olford,9it7UDq1lEQD7B0ySfDr8w==
Elden,Quantick,eyP/d/S5r/jWHvd5fdQP+g==
Tobye,Woodroofe,A5+7fFJNgwAE6keH2q9kIw==
Maryanna,Hixley,8W7EtRr7Uq2/ZN6phGrzMQ==
Eva,Rance,pQHjV9YPOwzNV+Uy0vpaoQ==
Milena,Nisbet,6azWiEZvtHLBVqh2uE0+Ag==
Brittan,MacLice,1XL+GSVpoxGvz2/+nvBQxQ==
Kendra,Arguile,wbxjw2YQHFeBo8EAjyxzSg==
Freida,Sends,6rL5ZldY6BZKsrAKeNHMMw==
Aaren,Damant,yIiJvvDOqdiXm2/ASkmi+Q==
Cristie,Hatzar,yiH0fBxsGucTOgtJnjIv6Q==
Raymond,Francescoccio,JkdIv1Kjzs4+WIOuEQ43pQ==
Felipe,Tawn,0qGu/v63f44PbP5x0t4O5w==
Dennet,Knox,cCVrU8OCwq7+xVr1LtoQ/g==
Pen,Stillert,+NANSwFYl+boiWz2exsSFw==
Hermann,Hum,2HsXQuKQcEVap5RSCvMxMg==
Adda,Bavage,yxnKmCGMUcoEfHwn59LnDA==
Winthrop,Strongitharm,u79zN1M5selq/ZBK6g6Z8w==
Freddie,Cashell,UEy4uxUrJBq0H9ajEzy5Bg==
Tait,Greenroad,diJb/9XQjVQy/uFUcbZ1JA==
Zebedee,Nower,uG6ox/wYKKSVglAeSsjJXw==
Filberto,Holton,sfVpWabPmALwIpq/fTT5cg==
Salim,Chander,OT5IPJa2vS/nNfgR3jIybQ==
Bradford,Darrach,8piqsJNyxFCfHJZgjeW80g==
Debee,Dickie,R/d9cJvfk08lD2/J/Qq1KA==
Hersh,Arrighetti,8AYMzVKn0q+JB3eFFY++dg==
Callean,Kilkenny,yL1xQYt5dRvfpj6oJR7Emg==
Townie,Hubbold,AtDG6e5eWCqXIKYBn78dKQ==
Shauna,Dightham,H8oLW+kaf6/CnLUr/BchOw==
Diena,Creaven,nmBFus08AMLsryqMqKmh8g==
Annabell,Duckett,yNDew+xUy4ivSyBoK0JDBw==
Shaylynn,Readett,4uHUyCHvBfU8TDec+okrhw==
Krysta,Loughlin,zAMHyb7P1IrTcZ0bp7q0HQ==
Anabel,Jarman,wyX0JPE3HHC8BLCsFEJ2NA==
Inger,Manoch,Yy653QuE6/4G8eJcX2vX8g==
Timmie,Vergo,h9E6YiHlHMeK/U1zoihzJw==
Tamara,Cabrales,YbWNXjkRz+6qMkoQrKqF2g==
Diannne,Davidovici,/pIQvcBg6SmhMvaOzOT3sw==
Umberto,Vertigan,fkvbuTU/4mHea1c19JVbyw==
Audre,Cottage,bH0v66OMvpN33r+my3+eGg==
Tracee,Nulty,ExdFG4hm+g0KwsvQf01Kcw==
Oliver,Mea,F5zk5fGdDA0cP2s/zoieMA==
Isidor,Trustey,e8IzPQaFgzGJ8+qy0HPi4g==
Samuele,Delamar,6oVmqvA+QpawE5aTz9Nhhw==
Concordia,Hirthe,bJffKgGfL1tbz235/4Vg6Q==
Wolf,Shaxby,QVabxYWSrghivY0DCugLeQ==
Meier,Kollatsch,tg6oRn3Tn0HN0uU+HoV3tg==
Demetrius,Ferron,0hChW0QM37ZpdHxVgIui7w==
Kalindi,Courvert,6HyoXONYgiO7g3EmpfRwdg==
Allin,Gildersleeve,j/R0RLyJn+OjCqst0JyZGQ==
Anna-maria,Corston,EIkWaJS4O2iB1YYaLcEc6w==
Adrian,Merrisson,ihnwFtYAz9+1WfcfNzpvpg==
Sheila-kathryn,Wescott,nvP+sWpfRFve/SfByLC42A==
Morena,Dove,2rJxKemZ2YDvdk95hFBg8w==
Brunhilde,Del Checolo,U21wVuVTDFGO8IunJDiT4A==
Granthem,Latour,qgqPsGKDasl3evow30CwFw==
Gilberto,Melliard,f/oWTlxwxLouhVVyzoV7Kg==
Kimbell,Unsworth,A1XaxJdeXjRWsl2MoaTjYQ==
Junia,Claasen,wkCarmifcdcxCg3t7rbgBA==
Marika,Schukert,PiY19lq2ANPrTxU4JaKdyQ==
Fabien,Whitters,xgvjEVNUIXLaa9jMby7XdA==
Ofelia,Clayhill,6PtXqKdqsw6NWWcET5Fp1g==
Ramonda,Garriock,M4sM8HyhdcEoLvlMaA8dew==
Gwenora,Hutchinson,/C7LzIa/w3fq6xbt7gOvXg==
Grange,Mellenby,razxs7zjyYcIHE97Fyf5UA==
Sonni,Warters,09ufYKZAWFQ5DxvWJ3PUWA==
Clemens,McKeighan,yX90ax1xVhxIjZkkmVMPBw==
Tabbitha,Tremain,0UbGQOX+f05WrUTtWKVVaQ==
Philippe,Golthorpp,iik5dPrCTKifxTKktok+0A==
Lanita,Frentz,NORRt5+9BjRk4gv0E8m6Gw==
Fiorenze,Asche,AOUIU0rSnPNRaMZSHj4dKw==
Ricca,Slayny,f2aGm1Yc8RvDI+BkPH4INQ==
Ashia,Puve,yjkNVTOhE98ANluDMYCLLg==
Noble,Crandon,ZuNcF/N+bEw/IcBpXioQjg==
Xymenes,Yerson,PFQ1g2OKBGP39STc8BY/mQ==
Reinhard,Casotti,Eubkqu4hg9lgjEc6UqxtKg==
Cordelia,Stockow,FHIPsu58WESqvRI5lubNEg==
Audie,Robinet,4LPOO6+n9jWI2mMFTzKiBA==
Rossy,Lovitt,JAy6MsiFZQWwwiFccies+Q==
Allard,Pautard,1IZOy9Ne8/R9USHwRlxI9A==
Esme,Dorken,JSWaKMseJou1wwddatp60w==
Grange,Sainthill,AO31Y69uraTum7+WcazuLQ==
Thomasina,Hegden,CQao0u6elSz2DGgvlcYDKA==
Bar,Sissot,bDg+qvU+0i78uwlEHiakGA==
Ignaz,Milkeham,rgSwztHS2kQ2bQDst8Rbxw==
Teddy,Amps,7vop3wJ48fY1eUeQYrxezg==
Cinderella,Gwatkins,z7DBh6cQIDWWNG2e1fXl9g==
Chantalle,Glozman,AiEhyIVbLcTzU7tWwLlY+g==
Tabatha,Baxster,XkVJwJUwH/LxSRTmcCv+tg==
Cynthia,Mitkin,Q045yJsLQmMFkz5dWuNCyA==
Claiborne,Messam,sheRbS+9sMgzpjl7qEF05w==
Erna,Stevens,jZC1qL7wVQDQZwLoLyZZ+Q==
Tonnie,Conechie,9FYcYg2O2oO93SWZbeLvJA==
Wally,Uridge,8IcXVrmoLVmVjwbsbpKEYg==
Leann,Appleton,PsQagKJceZ2lwSnyJA5S/w==
Fidole,Ochterlony,saDjT1rhO7FcRHcjU3hw/Q==
Guss,St Louis,Kry+uqrmhSUc3ru4Q1atdg==
Ruthanne,Pentlow,HzX/3oKbC+kc/Vlrvsbs1A==
Dannie,Parlet,bnAZWl/s+LAk6PxPXU4psw==
Khalil,Queenborough,+pZfdlVElOzuWNHveMsZOA==
Raquela,Kemwal,V6lOZKmdTJYL1UpwRuBsgg==
Kellyann,Blankhorn,FwDGJrGm96Yl+Y+aBLvQ4w==
Noll,Diemer,YFF1DtaV3EXn5Mv2gjnSIA==
Gillian,Cuckson,jiN0nD/TKPsLOwHmyLpRkQ==
Merrily,Ingerson,qEQaUZoP8WHLjeO9Fn7hWQ==
Anna,Yankov,7FsKI6MXgfeB9+JqOOVZRg==
Mellisa,Hatje,L3T3hxhN/vh9zfXHSzF96g==
Perla,Pettman,JZ060FWBiqWqU6SEGRYeQA==
Gaelan,Neeves,Bh1IvmPvxUltZ2FlmIwErA==
Cori,Kahn,5WxvwcBP+2R3y3Sy1Ha6qA==
Henriette,Wilkinson,H7RVg9pBPt4/Hvbtbs+1Jw==
Lexie,Shiel,eaAYtkF2oPkRNPSI8rTIog==
Oralle,Simmell,Obl+5sePLVBBGrFMT0xLsQ==
Aleen,Alexandrou,vIxfSJFrl2+GXuRTChdsVg==
Fee,Phython,TuzkjbbEW8PpiqE5wRAJdg==
Reinold,Defty,4rBdCGn33yXSv2Ro2inmBA==
Hersch,MacAdam,U1m6IhrGaiXp5M+L+7E8Qg==
Hobart,Bernakiewicz,z83hQQhgViW49eq7ePG13A==
Robinet,Dowsing,54KJbSzbxi2aQ7v+3CR7Ww==
Cris,Schole,T8CIpAPhHG05U61Dc5ZC+g==
Noah,Hemerijk,HLy8qlW9oTr9HiHHKUwCjA==
Moselle,Crisall,xKyoTwBdNqkUFxSll0d9Gg==
Basilio,Fraanchyonok,DoeT44+pV4O3cf0jqM0kiw==
Hakim,Antal,LpeHfeN9WKqiJCfftjDsUg==
Vonny,Kliment,iMXE+dcAKDMdb4fUt8l1MQ==
Nertie,Shemwell,vrpniv3ISvWRSakk6ewyww==
Tadd,Skelly,+wGH/CxX65COzZn39N3AvA==
Archambault,Kraut,osdS7JF8flEvQ0Lyf28a5A==
Adria,Petford,/Sr61qxkcg3qPErEc3cWBA==
Garvin,Trippack,3gll3GQajKHFBMdAgfhP3g==
Ingar,Alishoner,cY07FVNz9OxJanMgO/Pi2Q==
Elvera,Stockford,myY6gHSTUSe/7WmYYohxXA==
Zelig,Moreland,ok5AXBbEwA36vuoSKqrEiQ==
Crissy,Surcomb,7yBunNQPitCcEGw1YAcPCA==
Eadith,Wisedale,nzBEVSkJcBUWmPyUdfjq/w==
Ravid,Downes,M46CW4EyGIJnRNjP9KhqeQ==
Jaymee,Beaves,haBozt/2JedC4gHVFSxPRQ==
Quintus,Teresia,/8KU8RTrGAH0qLhmdI518Q==
Viki,Ballendine,cb+t9n+Uwc9Ynd14A5D0wQ==
Mureil,Kitchin,B9mtin7ukdlJJFTQhko2Pg==
Dolli,Jezard,BwJcUrtkrtgXHe3xMsJgEA==
Jammal,Keher,68PbYpPQ4aYa7dYmROBdhA==
Marc,Boutellier,4nxwx11RyMp1DsdZfNP4lw==
Filippo,Plumbridge,tj/6gTk85AOrQnXxzEqdgw==
Ursala,Moulson,gg3s5fIbbkH2oxzWBEPY6Q==
Frayda,McIlraith,SxVbL2ohk8pJoq09XRtGmA==
Brig,Birtwhistle,ncSGSdrMagiSfNPqMS5fxA==
Roxine,Latey,hcjbOl3E1pjI3meh6ac1cg==
Blondelle,Swate,f4lwot3rTXmrCBG59lApVw==
Tyrus,Ventham,tXx/PTN2CCElxw/wUOudvg==
Ellen,Rassmann,G2mWfTSNKyAI0CO+352j3g==
Corabel,Rillett,h9SJXLQCTYA3/GGM6Tv5Cg==
Kally,Riba,SWSX4XoMcQZZXV+28GsqVA==
Nerita,Puvia,IKDVtzevcVxaIbyzTq8BnA==
Jaine,Orteu,wnpdBIvtHLxFyjk5nTFYfw==
Meg,Weaver,d44juDXUgjdBziy5BuQ4yg==
Dion,Maltster,S0+Rn1rRwLm8+URIzLISkA==
Gustavo,Pirolini,R4YtRl2+DJK2vZmknoJALg==
Goddart,Berlin,tpQYHDqXYnlZmhjIIryV5w==
Baxie,Buterton,jDP6Ud6r50xU4ppbrUtDLQ==
Florentia,Pepin,UN09cY/tYScUqQxIGVj2MQ==
Nesta,Muckloe,/pGjLCiZXluG0ZNdHIAT5A==
Patricia,Jelley,pbp/ukPDGGJ5BmFiAeDJ6A==
Meade,McKirton,d0V1TsOSrdY5ACagftlM+w==
Herrick,Janz,o108ZKhHcDNlRluta3hi+w==
Goldina,Zapata,y45fvTy+mT/UxgepWIz/6g==
Archer,Quarton,upZ9GszZSoaJSlkYYCgpGw==
Pauly,Lonnon,kqLr/F6NlQI34jt7m0RG2A==
Brittni,Cahalin,WhVYl/xRUkxR29Z2ETgVsA==
Celene,Corbin,OA4FtUvnu4QMX7iKduiiwg==
Sadella,Wibrow,uinVzIVaowV558adKwes0g==
Niel,Ziemen,5mxVdweXH7BLYmIj5Ttsiw==
Jasper,Daintith,FXHTSmcLcLJ3Ns+fyUK83w==
Clair,Veel,XPNbGrb7xN/s+gL0AZEJEw==
Karlotte,MacGuffog,P3B71qtlHNfFyXbT7DR74g==
Dorita,Hounsome,zXDdUj1swsW6YEbKF2Nuog==
Mohandas,Kerman,MtDM0qIjA2HqznIyA3xoyw==
Agnola,Plows,ULQawWoSF3OScMfW8wGIDQ==
Delmore,Cruickshank,mrqSy88CyedHg91LfZXD3A==
Ekaterina,Rentilll,PI5D42FVZCwA/sU/BQbBjg==
Cornell,Mapham,CBQH7AACILFYFuohG5tnTA==
Orren,Lambirth,KMokXvuL0fhEq8vBIcJMCA==
Bobbye,Wilshin,9vPNxTOAg6vkpPFySkyZFg==
Haily,Holson,wSss8YUPtVZgfNANDFRtpA==
Dukey,Buckthorpe,pCqnktnmhHu3qhPXvVQ+PA==
Zaneta,Morat,ylWVs++t0Pjw8f8j8HjCfg==
Donalt,Kroon,mTMRFN5uvIgKvfL3BrUYVQ==
Zea,Setford,ypBhWQSLJRBhSuQAJeJ5NQ==
Padget,Ezzell,xleh/Ndh3cea+S6REdZifg==
Magnum,Weippert,00MnRGJlNtsfCwF1oSReFQ==
Donnie,Bonnin,NQsljLUHfuhDSnu/Xm9SQg==
Derron,Matkin,E0pq6MJE3Ex/JV0xueTDPQ==
Glennie,Cullerne,6PKr1BTMBNhlMFw59TQcSg==
Langston,Smallsman,8d3LLiTV+19GKtcWFGacoQ==
Merrel,Couttes,EssoGIeDi0TDnPFBVdGhTA==
Mile,Stronough,EnQ+i9OxRcC/i/+zG3oKpQ==
Dwight,Hovee,jpT08+xZcVJ3yr+jR7vhEQ==
Elonore,Finnis,n+aBuv/eR+guC0xxBYiDQA==
Elysia,Giorgielli,LnPsTxX/atWm1FXSXK3vPg==
Patty,Van Cassel,50uFs9FZ/SxLC+YsMDJ4Vw==
Audy,Ephson,eeDB1WuPcYHyw7HsA4ze6w==
Lise,Teml,XAZmgp8RWJipbvUuGqcagA==
Elvera,Donnellan,6c2bSr3GOac6VnxLE3QF9Q==
Korey,Tezure,bjjGdXtKPGRrtN0dhx07YQ==
Stanleigh,Gullivan,v20BrO8UbSjBxqMPmt9SCg==
Kermie,Cornil,9qe0md5BqjV0nMUfKPghQw==
Florida,Gammet,gn0GX32jGJvFKtNjvzRe0Q==
Ethelda,Dundendale,ggzGBKjAlia0mVGCLQLXMw==
Michale,Siggee,F8ox94jn5sReqYSrBn+rtA==
Boniface,Bushell,zltxoO23Rsvi8q7JoZXkVw==
Kandace,McElory,tVghFqVLvo6oGjoNs0yNKA==
Myrvyn,Arnaudot,dv2gK+dSVCUAeVMs9y55kw==
Johanna,Flacknoe,QwmYyEz2fo5kOS1doJQreA==
Iolande,Dellit,xc93S0zPCmmr6xcm67/YiA==
Licha,Boame,m4wjNQ+EGFHbU15YxA6vdQ==
Vanda,Benning,2xwi3oMMxNK2b5k1IN21SQ==
Grethel,Krier,mpfadWd+v5Yzhbs00wY1jA==
Junette,Stemson,DCc/jRpZpCtPaveFBz7gzg==
Ella,McQuillen,NCSIyDfO6GKd0Z+jnwUyrA==
Brigid,Bedboro,I5KftF4rHk/F8EjVFAJWFg==
Irina,Pasterfield,/no3XY0flrHcZY6DplAYZA==
Gustav,Maiklem,X5QIXT6rp4Q0N9iEWr/YkA==
Abel,Grieger,X4dylILqjYc7aOV7j4an5A==
Kathye,Sabben,kAT8JDjYSX3i9+64P3O+9A==
Nelle,Billion,gLKGaMpZ2EBVbcq3IZAdyw==
Ferrell,Bernaldez,WgTaSK+HB/a+XxxlMx4sJw==
Ulick,Olivazzi,EhiqasLCjg7u6yXGpcHz5w==
Channa,Soppit,9pTUsXUcbziFKDY64/xsTA==
Dorree,Bridel,TtKTjBMCA/WmZXdRecIX8Q==
Noreen,Midden,PN2QjqS+MNADmMke4HZfng==
Northrup,Brearton,p3NM4XqBlb28iSQUZgriDg==
Selia,Asman,eF2UHWfCeScYfC2wGOj1CQ==
Grata,Ashment,0/wpYuET/eCFAg2B2sn12A==
Abigail,Stilling,nYo0tM2PncvX+gjUbINeIg==
Jacquie,Verrillo,5obLvQGJKe5uM8EFLxLjLA==
Kenton,Mallett,Wgjau1Fntb0hG/eUGWpAUQ==
Andres,Ramey,ZnNN+QrxG5upwSD5epVr+Q==
Datha,Elliff,sVTyhlSZFWz1qM9oBQDrTg==
Hailee,Ionnisian,NFLt9HsWTrG0WvtkoQKiWg==
Angus,Cockcroft,dKyO1HiaGON91adDqbneEw==
Sara-ann,Bromley,9ltwLCEifVixpoASrNIvAg==
Sebastiano,Fosten,z3Obkf+yemv0uHYb0ll2/w==
Krissie,Stobart,nSK9TcKcRQF+NrdTRiDiNg==
Kaja,Matoshin,uEEALB0VaVgMuJdVF7OwJA==
Celesta,Harbertson,VWqJkI7kIfzJuIRJib6DTg==
Roy,Terzza,TgKlQrvVug5nFBhHUl7vNg==
Stevie,Lewington,j5KqXd0uPlGzZJmcdjYzNw==
Mychal,Briddock,FGTG4Q8Fl0jozly3BjF3Mw==
Letizia,Colombier,2vWVQMNG8A/z1hjWAuc4TQ==
Georgina,Macey,lawLA6KWvHLXiSQ2gwaR2g==
Jeramey,Capelen,JInaCxvZ9/PbO9xrNpTnrQ==
Kareem,Havvock,6tJAnpmY10tqkmepAm/8Rw==
Maribel,Queste,hMwfJe6vqXRA0IAWCN9xIQ==
Renie,Benyan,FPnz09p7pCPpKifbsr+qDg==
Devlin,Flintoff,KPM8SD1PFZsnNAk9AEQ0bQ==
Damara,Dood,7iwXf+bmUDkGu0MUS9ISGg==
Marti,Goaley,u/eX97gxMDc89HK2C2EqIA==
Cristi,Seeking,/jjQPPZt6RH76dHVImvcKQ==
Jedd,Burdon,t+5knOqIF211s0IbjiFF9g==
Doris,Gorden,PKunWgqMUSYmxnyW8LDFfg==
Isidor,Hercules,oN4MMMnwZrj7Kz8CCdOu9w==
Tracie,Comusso,0pqD5kPU7OGtAyNT0WOTOA==
Wally,Trundle,FGIaoFcwvolBBzV3envRPg==
Noam,Abrashkov,sS9g9OYDs4HYEeHzzL4wSQ==
Berton,Oloman,8NyTQamqiRqb4+tXz7z6Mw==
Franz,Flasby,9jQASOoaUer77tMhNrZMqQ==
Jillian,Jenner,2kyDs5EnuyXYOQDiV33tHg==
Devlin,Kruger,09QY4GWjUUiQBKNQxiGMvg==
Carver,Templeman,rqIQstOZ8+WDrInvQevTzg==
Arte,Gheorghie,T7RyXrht+/pcHQTZCnxdlg==
Ado,Crossman,cuz1FtNCuPRh3WYOVjLHcw==
Aylmar,Hallgalley,BQrDfLcBhQQkaE9BlK870A==
Hedwiga,Plunket,V4sfwQflu7+oVH4aCWMFlA==
Frederigo,Ducarne,nxb5vT1TlUPQ0la9B76y7A==
Jerrold,Bendare,QuusXM0au5dmhkEoXsItaw==
Liz,Gibbett,jKuK6LjaDe3qNALkMC5oNQ==
Alma,Bottini,0XjzV/lugVDzWjnu6WYK/w==
Reese,Livingston,iUDAHEFy/gKHpRkx7Hr4TQ==
Sissie,Spohrmann,Fql9vBeHT16v8vpciHheXQ==
Raynor,Phillippo,CQnz/hyRFweHnEuErSrW9w==
Eimile,Hallan,lTwVoU90k5uU075N1HEo/A==
Rex,Domsalla,g2dVCxTHOHJz5scVjbZehA==
Nikolai,Gibbieson,P4srV+lbMwv6uNzmNQd8Dw==
Michel,Dockree,e/AiGmlUcPrsTgdU9ToaGw==
Andris,Zavattiero,kvKJopYFOnLUEOUNv1I8aA==
Bone,Goldin,ZOyb6dCBjz2E53s3BMuk2A==
Aurelia,Stradling,TTdKRPILlyuUWGyhPRlBcQ==
Ruthe,Beaze,qpYkcfIk69ob7TUdMlReTQ==
Natale,Shreve,YGXQtMy9TVat2qKUlIK+lQ==
Clementina,Molfino,W70dg3O+neg3loLdOP9jFw==
Tildie,Phette,pJHsP2z24vG7R4pP7+dOgA==
Clemmy,Bernardos,OnpF9FeERMJcPdYQQkyBqw==
Sileas,Robertsson,ZeYpdsftKM02yOUBqFdKng==
Sallyanne,Keller,1giOFYWAcwCzP/CXL/KbMg==
Hugues,Likely,wV0/LbB8QShzVzNzeJDuUw==
Alicia,Paumier,GFEpnaZ7zm7Mdlt33lFI8w==
Danell,Alyutin,2/xVy5dGoykYft1lK8n9fQ==
Cari,Henaughan,x+8LsG2PqrK6TJqv18FF1w==
Colver,Atte-Stone,S/SnMjxWf0NF01dJKYiwxA==
Trisha,Hedan,zAAcLrQiWsY525Eplytugw==
Leonora,Durand,Clg2GM2urMnNMxvMLS9xbA==
Sharyl,Hauxley,6eNLoz2PC8DUlfeGCmL+xQ==
Dominica,Leftley,iLc08Z+pGzZl52Xgvv6Cuw==
Almira,Goggan,hWMPtulNp/PWPsIjOSwOsw==
Fannie,Steane,4J9SKfZl3B2PLoXhdTNbHg==
Bradley,Simnor,8JGn0l8Bmrr4WC8ez1Il8Q==
Therine,Wardhaugh,pacQsqaVA0BWhsOEtCyMHw==
Chet,Risebarer,wdz3+gC7IP2wMIgnwyW+ZA==
Eula,Newns,w8ZXdOcXbTs3bj+0r/ixAw==
Banky,Elacoate,AWUH9MHS6wSTtKNRfPX1WQ==
Bunni,Greguol,HQbzpgUio4ps4yDOc0c+fQ==
Mose,Abthorpe,qdo86qoNadfMGGd8AprFQA==
Godfrey,McTerlagh,bdDUcQ8gcHIVnTbqx3oC1g==
Bertrando,McIan,8bMeXoKB9381C8tKoXrBVw==
Salvador,Spatari,WU0/UVmFLRX7xD72A6LRKg==
Zachariah,Crocken,fXYDp/blchtJu+QuZTpCSw==
Laverna,Gianilli,hV12m5yEuqCRlNj9ULCGqw==
Hildagarde,Kalewe,fo1ySb27Ce422P4I33f3Mg==
Shane,Bortoletti,WsetlucvmrIc8dwMDwvExw==
Gail,Faircliff,AbtQMEhj1PT1wGFRnffVsg==
Valli,L' Anglois,1MBzt0pFqK1I6jz/GCPSAg==
Algernon,Leatham,nEFBgwkKHrWce7/XlrMOIQ==
Kirby,Densumbe,18kyz7YHltXfNx8aw08EmA==
Lilian,Chess,V2CBJrbi+PckcKn3X4g+hg==
Rivi,Legister,dlJ6am8ZrFFZP/RYVHK/VA==
Tracy,Denney,GtXYCU1/6Y6MNJmnlFJNlg==
Ashleigh,Gladstone,KoM7CXX8f3dcqJrOnSVZ/Q==
Myrtie,Spearett,/Le/Dm8m6q92DV2UQSTOGg==
Weylin,Lailey,0np8XPQmJ+iCdtAW+SqzHA==
Aggie,Campkin,hnuSkEzs7Bep+fIVp7zEGA==
Flo,Chevin,zr91rdWaeWU41N6a7nvfmA==
Auria,Gwyer,ukS8jwTfSxcdGG03BMZlgw==
Anselm,Abbots,IaadxZSk7ofndJY7SO+Bvw==
Danyelle,Lawly,t4rKaZijCjazmbNrFzN+bw==
Henryetta,Byneth,TgMGn8OYv0BjEcWeIvlN5Q==
Cherry,Haslam,hEknxU7FsdZVir9ZC3eijw==
Tiffy,De La Coste,Md3zIsSOJoUf2oazU2jeQA==
Prudence,MacAlester,CFLM5fLyG+UoQog0plGEmw==
Adoree,Mattingly,SFm45GWhStbZs6Y/qz2tzw==
Paulie,Loveless,pyBGeGCYAddUtPqiKM66sQ==
Caria,Gunther,aCrf1ZJYDFY+qwskbry2gw==
Alvinia,Burnie,U6DYoAugnKYJgRknIYDtuw==
Alejandra,Simonard,LAbjPg0UaMg3t3Auq//tdA==
Almire,Erickson,qJQ3Kv9Nzwl5+wKkRUJs5w==
Rowen,Webborn,tibFgoVew2t9Oji7mqgWNA==
Marci,Dimitriev,bPiaJLGESBylhzMm74pKgQ==
Nonna,Newiss,neXxVpHlWjQ3dar1Adzifg==
Vinnie,Gribbon,0rbMtleZQ2GnNUEwtyUtRg==
Vicky,Cordero,ByKGFf+a5+22wN8nOjOb8g==
Vanya,Tafani,920PkjqkBu2XQBJxEMTr3A==
Catarina,Dearn,SGTQ1W2RraLhnxL+zYYsng==
Alena,Giddens,oxowmdPhnEHpe0yfY1+iyA==
Nonie,Crang,Cn+cVC9YM5/mfs+Xd0Kuzw==
Anne-corinne,Brattell,VKD4a0+9THkh5pIVOq1MuQ==
Bari,Fourman,wiBnC+p9NtJ53HptpgBLqQ==
Konstance,Bentson,SZkdNVHixi4MPHSzfAYR7w==
Kathy,Gladdifh,rYSa+DE9fAN3fuSG0eYR/g==
Cindra,McLagan,OTgVAtjjzwl/99rNghHqdA==
Mead,Wathell,/5YvdFwU4j5VKyesN1ONTg==
Monte,Gavaran,mG8RfiC6yZh7jTJ8V3MJdw==
Wilburt,Froggatt,x7Lk/wliR2FL7A/zC9APyg==
Craggie,Taggert,QGjxXEJBkBmcY+yR4gwfpg==
Levon,Rouchy,EscFeorFjGZPv0kxzS0fug==
Melloney,O'Heneghan,RERJWcGojV8pbpkGi71G6g==
Sibilla,Boldock,xzRto4TGvmDaEcf9AjsHTw==
Ritchie,Quinnette,mFr3LNWV/cx0aI+09dq1uQ==
Dud,Strawbridge,qmerJtNU+RNjI3gAVR1lIA==
Emmye,Purches,C3kRiUMV5MYtyejCpD1cNQ==
Ealasaid,Rushford,zSKxHCnLhLSTBXCA79g27w==
Emili,Sottell,FWBQ6pDbCW4aryOQhj5Zag==
Kristien,Leicester,YU9C47S79KE4fWzwLpAgcQ==
Leslie,Bridywater,ojkB45IJszxPLeA/AK4s2Q==
Fiorenze,Sussans,gdNP+Z7DfVnM0lnSVlWkqw==
Lombard,Graalmans,ya1AqkB7anJkfhYbAKc3EQ==
Darrel,Baskeyfied,AwJcP2kMLD72JRx4P7xpFg==
Roberto,Bestwick,S0DSil+6xf2vjXN2v8jFvQ==
Ronny,Inchley,eH4WcxOeXhi1LozEqxoxRQ==
Veriee,Tremathick,jKAqxzUiud7Mj61bjwx8GA==
Burnard,Hellcat,eaAFpj4sGQ2iHKjbjZzOiQ==
Connor,Weins,+I5xUTBt0NCQLiCpWGeHDQ==
Leslie,Fallen,ZtrbbFfwpNSolKBHtUGFPg==
Anjela,Griswood,cXRZU+u0qL5M7jNLjPHGLA==
Sholom,Muino,6CByPCnF1BomXihW2+VD9A==
Dougie,Phillimore,+Idc+7/ZxorKdwut31X8PQ==
Dari,Manclark,POkuN8px78Nkl+s3y+hcOA==
Roley,Landsberg,BkrWTV3SYx5PPpr3bCxbdA==
Brant,Gowar,EE4vlLgvI1dQLJNErqCXBg==
Denney,Heinschke,F7FbHzA2+TQNNAmE6vec8Q==
Elbert,O'Nions,wyHHnE6oyU+gghsdt1F01A==
Lyndell,Sheara,z8pYJNaI7n61rxAhP6fXXg==
Lindsey,Grene,RWThseoytGSAob5SytzoDw==
Yasmin,Heenan,J7070y9FTzhWBaNiFH0jvw==
Justinn,Flanders,7GhMN8LcUT+Zc/z0L1dD2A==
Karoline,Crutcher,tI0oSJzRZDCe6qImfJsPQg==
Kirby,Mingay,fQzljsLr2tOo0EQjbVp4wA==
Merralee,Bazylets,S+9EcPHA2RmdaiZLdn7SVA==
Ula,Placido,b/HAPcC84NHwXZYRSyP1uA==
Sergei,Litt,UHU5NtX1NdTHcab9vOHqqw==
Vasilis,Geane,OqD8OOkQkN9Zbpdv9s1Rzg==
Corrie,Mazzeo,l2Zm5A6YrKDhqnzqQadmuw==
Heather,Lowndsbrough,6e7empw/nDhxjIahrQMzPg==
Baryram,Bottby,vggdM3D09yDz/tFR1AVnSg==
Isadore,Camin,8XUxcoUgFgM39V0QC3o7sw==
Jeth,Deakes,ds1+ECnCprqgf9una05Rgg==
Tierney,Danskine,Qmo3l6BMu77xlsQZ35l/tQ==
Colan,Mc Gaughey,YOArT3zfOMcRPqyXyMcV7Q==
Whitby,Oldcote,T9FjfpTQquuOZmIWPbfq/A==
Carissa,Spondley,kN6Wa+Ob9W6bclS/zMTM7w==
Basil,Jurisch,F9N2kJ9Rbw+cK80cTW4BOQ==
Colette,Hounsom,rW3HgfH2zIW3nlQfueFf2g==
Cheslie,Shillito,u2Cy5D8E8e8+97RmTcNDBg==
Benn,Mac,bo4M8M1Y0g7gpFLb1ZGVQg==
Gearard,Loade,McS4wTZBTR/EHou2m6EvVA==
Raynard,Vigne,6//8WX1qg/mEyrU0BhhU9w==
Rafaellle,Leyband,+EkQEuxm65n5yzy1qiOr4A==
Verene,Dyott,6hipXhzimwReMqDpMBJAKg==
Reid,Cambling,v6HQ1hK9HATfxajSBnHD/w==
Carly,Chappel,91XXU7Hu1hJEP8o60cGgJA==
Bennett,Calverd,9gd53g7Ut7ESPoCWLJ311A==
Nanci,Burchell,uY1UDXLjjxgVsFZlQjoMeg==
Martguerita,Hindhaugh,6hsmM1FcotwMjyrhLL1LrQ==
Emlyn,Frankiewicz,4IcUMam9Cl0Ta/Fa0bHwIg==
Davida,Woolfenden,1RdltrJdu+vj7+GShRHMCQ==
Reube,Houliston,nUByl6k5sCcRh9GqS4h/zw==
Myrtice,Ramos,NeHwJDdCPiPRjDFUjsDhJw==
Ashby,Shorthill,0Ldw4Fr9Dygy4O8pI7yqWA==
Angelina,Saffen,h0Gfn6m7M0yJOiys9phR8Q==
Darryl,Balstone,0UnBXWw0cAXEbe8T+q4yfw==
Tye,Aitkenhead,2lCjYxj6xMuDnITzsEdr7g==
Allistir,Jewster,V6FxQ1KbQ7KPMiBNUQBn0g==
Ruben,Fawthorpe,Pj4LDfNCVrMoBryeYOawew==
Townsend,Guerner,ks6ijY/IHDm9CS7jPrzSJA==
Ramonda,Ockendon,fKbapC0t3jirAI1utVwFog==
Claire,Vernay,aHvd0HzG8rn/RouFSogL7g==
Dyana,Gautrey,2MjJvZ9uvlzcwEsgqcJluw==
Tally,Macallam,Nx80vj1CU/679fLc9BonXA==
Moises,Saunder,XGoZBx27/T37qHoX0FzMGg==
Baron,Jennions,ksIwB1dmJGnlNvJx45XE9g==
Cordie,Kenyam,1QywKEzuoEe8YmPHnrdCAA==
Christan,Daft,tICe3bzG+XmsoX/7uUBgqw==
Lionello,Giovanardi,3dmSexc2ALy6JxnQKDORmg==
Adolphus,Buterton,x6h/eQNQqectlASJxKLxjg==
Cara,Newey,C5LWB/ja+IurEnzrbpshSQ==
Effie,Chadwen,jgDZxjgJK4cQVCqBaD5r9g==
Stanly,Todarini,stb2P6HuMWf0UxCYbxzSdQ==
Chandler,Mathewson,JzENem9mgrqpkK0UrpQT3w==
Prescott,Elphick,0llErw+YOeTUKaKj7BpzGQ==
Marylee,de Castelain,mTUPyw6oVnrtKfB6iuDnbw==
Valina,Sinderland,gtJRfSetDt9nxn9CM2BYqg==
Thomasin,Streatley,6w+ZcfNBvX5M4RLU0QN2Vg==
Edmon,Liverseege,Vab1zX/65p4UARsTvTsMbQ==
Morie,Gainsburgh,qBozQGUzo4DK/EZTy+FXlg==
Anthony,Witling,EiVnzHuqVV1L92qs94J5ug==
Harlan,Cerith,gHl7tSut7TdhssZxO6DncA==
Kizzie,Hyndman,t8D+RXcR5kChqQ8YbQju1w==
Felice,Enderby,Ox+yK2JHy47oktSSsr/H8Q==
Romola,Hutt,OuSpQFQ8KK1WlklaKCcWSg==
Kane,Orritt,MmMgH1KH5aZ9rWAEb08/nQ==
Bordie,Phillps,TIrPYv2RcwA1x4uV0+jXbQ==
Selle,Pirri,Fbe3nLShMrDpBfrGFiWwZQ==
Joella,Burkinshaw,gdfDAhPJfGDMmqxV57fMhQ==
Pail,Healks,tN3rd9fhTqMgRtBeP62XWg==
Monty,Klamp,z5WysfonEYK19Clgh3T+2A==
Gayle,Le Surf,4CELAHrIZrSWIN+TsEt6sA==
Siusan,Ferroni,E6wLBNORaEPfbPMWD5Llqw==
Adelbert,Rustan,GhGXsaChJ+htkHX9AghKrQ==
Jennie,Matcham,hchcfNZUJ+1MBB6dhNwaUQ==
Carolan,Pepler,vGvh1wRM4BN0VZdo7i14vg==
Galven,Ferraretto,zB62/IDxLj0704l9EVK5gA==
Greg,Manueau,5h4ukvJueX/tHQIT67as3w==
Brittney,Boshers,Zmo75gYvM79Dr2pusnexTw==
Fletcher,Hannaby,QQItdqZRsyU7Fa7LF8tUyA==
Rahel,Whelband,vjIZHGCn8c6XxRtvuvQOwg==
Roseanna,Larcombe,kNlkySvwr3tRlfmH0Y8AVg==
Rickie,Lowseley,wMB7JSFZHo68ill5JzrNKg==
Sella,Garter,ELP2bsOwTs7gGFu2dvVs2Q==
Garrik,Michel,elGtRyHqMmTNJugNSwQr9Q==
Susan,Merrifield,Rpyhtz33yrfrhzO8fUtfJg==
Brittaney,Dougill,gPwypX85FG6J44HfkPMqKA==
Demott,Thorald,Vf+Z2JiHxKJEupsZgpAE2g==
Margaret,Middlemist,5UeZGkOnigu54SZOJF+/GA==
Melina,Rappaport,jQC2TEpOVWX60PZ4NEMOuA==
Kara-lynn,Boulder,FT7wpe/LROvBoQQnO9V1tw==
Stefan,Sadlier,ad1o/ZGAfHYOToiXrfDung==
Jamil,Lightman,jlFhIsccz9f5L4vLxK3WJA==
Garey,Manssuer,jykTqsmNVMjH8X9wruzIJw==
Egon,Stoter,rnLr0dVWJYEbGMpy51A/QA==
Akim,Newborn,efkuhoF4c2/l2TWnLylk3A==
Brooke,Corbet,5mY47yx+LBKG3vVH5Hq6mA==
Cece,Rackstraw,Hp30jQWoeew0OebL42xUiA==
Isiahi,MacNeilly,6XVjJ6RMeIB5vto5k74X9Q==
Pansy,Roskell,CG7fOJ8359T4kN7h3HB9Gg==
Brooks,Swiers,c9j98LpT6BZ7Om+KuGU5gA==
Vassily,Astbury,ynBYPE2kHPQ3zp6GKeE4rw==
Barnabe,Johann,Ieb21OVoyYh9Zaz0q7hi3g==
Ansell,Mell,1VpwrOafgZWbhMqveaykRw==
Rock,Avard,vX0gnnpzSs8O85y+h/RIwQ==
Kiah,Jackson,glL0e2tfWK950gSSlpJfBQ==
Lizzy,Gee,TN5DUFEqalTuZcH38I4jYg==
Edith,Vatini,jwlwcXO8bdTHL1Nlb8PmAQ==
Lynnett,Pinchbeck,2H5yOfYkwjxm5W8l7XBF6g==
Melvyn,Goodban,FVg5jtx7KCGxOyQm0Wr7iA==
Maressa,Capozzi,Laf3NoAELGTBFZp6SzpO4w==
Ellery,Saffin,Q9PSlAjkqAPKTOM4bmRH9Q==
Blythe,Cordall,g+/3NI/Tntqoeqa0fomVtQ==
Jenda,Jakubiak,827kSAjw2X4JipPHH8M4gw==
Cecilius,Dunnett,NaByhnBWXuAvBWDaXhnqcg==
Der,Brandham,VKawBtfrZGk0S4CNjPiA9A==
Rafaela,Helkin,gB6/G4aSqvlhlJgUaJzNnQ==
Lacey,Endrici,FyX1FxaESpvGaF6qAH/Jzw==
Rayner,Buzzing,n4i3UKuLabPffxQqyDvtDQ==
Rea,Gantz,2Z1/9WBAZjh9XpdB/Widxw==
Valentine,Forsdicke,jbZsPwd2ctCk5lMeoQm/Ag==
Jojo,Letrange,VPRQgQDpWqSsWwWH08Md9g==
Carroll,McKerley,9bJwds9ibt3yazdMbUG72g==
Ragnar,Mc Queen,z8CadQUam0jhb2DzRHkNiQ==
Bartram,Heinl,Pdhkb2GLqwyx4eF8FgH4Dg==
Stephi,Ioselevich,TuaqhDoOq6mpkNfScbXZeQ==
Sherri,Callf,eKn2vL7LVc1QCs+/sWv7/w==
Hanni,Harbottle,s1FTbkFLTr7RIMquzyg7KQ==
Markos,Hoggan,/NZ0AbF1IDuaelc2VZgtJQ==
Roderich,Murfett,nEareoUqj0987V9XL8O5kA==
Xever,Horche,FXKJ4D5hDfp+ppoFvDNDng==
Griffin,Tarrant,F/HX6GPCkzCRHrYRUebEXg==
Emmanuel,McLevie,4lP7kymi3weyRi7uBD7gAw==
Odille,Sturney,Jde1uC5xFmvIFJjdPWRZVA==
Latrina,Haycock,QSXIJKTEbtyvIWHw3BfgEw==
Hewet,Gipp,AxK46GpIAdb0zZEVmiXUcg==
Atalanta,Edwick,qL44A707LLgO2aa7A6C8Dw==
Rivi,Stoop,+YZD5DnKVZvqtGUkQyDqeg==
Sarajane,Lathaye,50OOS8k+VDVWpaQ/W1mVYA==
Wilhelmina,Delooze,vz45Nf9Ykra8VCNXVxWpzg==
Bruis,Toquet,K908etGsywGApoPoNnCYew==
Chevy,MacLleese,nTFN3gzjL74P2LJhOjVeEQ==
Kamillah,Alflat,/FkFsUFKuFSXfrwxMfhWdQ==
Nance,Elsworth,eC8m/gji0GFpUExX+k65ig==
Dela,Emby,0xYQl+PIjzuI5nLOc+2MKQ==
Hadley,Duck,T6/rKbuNPNfPICvOJ9eXiA==
Courtenay,Meth,hlmANqlNiJdMy8nSpbI3Ug==
Bourke,Mackley,8HLftB/wFKpcYAmpMjN/5A==
Renate,Almack,SXi21OCnOvCWp6SZ4qwBkg==
Aurie,Oene,qZBGlc9qQUN2F773306PeA==
Anni,Ault,jFutWqeiv6AHKhqp3lzIbQ==
Roberta,Van Daalen,mE9bHS8zthoQxqY61iAWyg==
Eleanore,Foottit,oYetn4yJSHfByGNqs9fieQ==
Kipper,Carress,NehA5ornbQv60Gq9/yUwvg==
Yurik,Jewell,q/dk7X5sapIzUYfvhlA45g==
Maurise,Aburrow,3iQIZrFxfEdL5oces+J9nQ==
Crysta,Jerosch,GQPMLchGGQ6Y3rWW7wZPjA==
Alyosha,Ishak,i/X55AqkedOjFQutGzPhOQ==
Norma,Worms,G8vP15zPb5eklicyKEW10w==
Lenette,Burbury,oATnGI8Bhr5pJr26n8SePQ==
Petey,Outram,P3IBaAVacibJO727N96KFQ==
Alane,Charte,3c+8UpgObcbyLpJDxX68rg==
Uri,Purry,/xY7TIJHogeCtGJRpdBxJw==
Elfrida,Bellenie,5tw3mA1IiIJCS/xcvWGtmw==
Deonne,Dobbie,vTd3+QAJ6tprMmI4ZzwhGg==
Danella,Suter,1OZ3nvFV/5KJQp139RBSig==
Marjory,Voysey,C4HRxBtLdFuPKcCAbPmeEA==
Barnaby,Millett,gqm68/SQk0cihtRqILtw5Q==
Lowrance,Tyrwhitt,1xSFjAsbjj4cF/JQckmhgg==
Michel,Thon,gr575ZrfeXC/nqxakykWbg==
Welby,Fenton,JyfXWkqDqobnarAVsE3sIg==
Fleming,Lamort,1nFGbjpOoo6vr036fG3Y2g==
Kathlin,Reith,KwBSXD4D03aDDJUJISylUQ==
Felice,Lux,0hVTafQitmwJTyn0bBdr4g==
Christie,Sharrard,XZXaGqjIHJCfxgLsCFl1LA==
Carmita,Quirk,RY8V+OGsZCdFFLjcPnOpMA==
Marlin,Robken,wb15SsFmTK6Zxa9PAI+nbQ==
Pansie,Claypoole,VxsHSWqyrYx364wNY74KEw==
Randall,Champain,IuWCHeFbFlcZbd9pnkNrHg==
Meghann,Crisall,S4SY3GK79g4s3yDx2RWzmg==
Crissy,Blanking,PFX8UxQXr5whJBPnmAvjGg==
Lilli,Havers,3xWH+86zPNGbzQEwjrHMtg==
Rafaela,Stainland,hyxeyK3wiz9Pz3EqatiWcw==
Manolo,Massot,i9NdRQuEtGmGFissyniMcA==
Carline,Karleman,aAZY0AEMxpE4asa0q1LVsg==
Walton,Rosborough,RKDF0NfLFydn4pvkbcuqmQ==
Ingrid,Burrus,ZbTHFOvzIsg/9I2zBxgjJQ==
Kellie,Farron,Y63l6pnJRyTUKExzWYlbBg==
Rance,Parlatt,NVC3f7oHAQM+IYAitYtKmA==
Chlo,Menzies,D9PZf8cTAWKHIhUUX4JRuQ==
Callida,Yakovlev,bWoq4Peybgm+dkVL3n0rPg==
Nicolle,Giacobo,2q/lvdUF7bd/Ef3tVtkJdg==
D'arcy,Dagworthy,wZIBjd/G+N7cbrr/RTc/4g==
Emeline,Brisco,9UtlRM4KfH1G+NcH0f76jg==
Philippe,Pesterfield,T7fIjfN4ejhOfsMBQsfrog==
Martino,Caldaro,evP9r/naqaho87BxuxVkEw==
Koralle,Sawford,OSvgEopd30LmjoeFEdKqyg==
Raine,Botger,4SD/QiBDekoW4e5+giHQjg==
Jinny,MacCosto,f7reoOfPbUOKfeVP8Cu7Cg==
Felike,Mordon,UlMuDr9OE3Z3jbkUpk+0hw==
Vernice,Dewdeny,JP5gUO0nUoqKZJCOBitk2w==
Kendal,Friedank,La1c+XkgphO+rVnF7+ZyBA==
Fanchon,Roubeix,4t7X+/GQUnqK2PvcPSaDqg==
Catie,Crichmer,phG72vqhRtFj+dRtmds1GQ==
Aldric,Schulze,ODGPGMFTY8WWT+vHtwVg+Q==
Wenona,Francesc,xiKnFSZhYwpLE6+HG4De/A==
Sheree,McNern,iHMPFVRU8ux516Sfxk5U8Q==
Wynn,Rowcliffe,YXb0V/eC3aCoD6PXFOq6WQ==
Cordey,Fusedale,f9uf5HN/nGwXYjS+Uf+eag==
Dick,MacAulay,eE7L2cDeCRchDCZ8Ekev4w==
Sharon,Vermer,IRNpkcipkdMpeoeQVYBJZg==
Leontyne,Messer,/HvfZVV86lfi14kXJqGfyQ==
Zena,Cattrell,3Ushh2orXIpy0Kd/SMNJlg==
Petra,Gorstidge,O5WvoogBTwUPCg59x8O9rA==
Dory,Mooney,s1YgRxi1gUEREZle31En5Q==
Augustus,Bover,jPI1oIF1OaBVbUuDM4HoKQ==
Griz,Tremathick,0OK1NITh13XdxJQPl2H60g==
Constance,Craster,qJ7FQu9p9oCAlqYbgFlqEQ==
Shannon,L' Anglois,4beIKBDsi7k1RGIDDogsDg==
Gerick,Rosentholer,LNqxdFIGn9769XykbUB+mw==
Milty,Keepe,ldd3NYWmmmtiQSFwEh33wA==
Jenelle,Leber,LAvrEGk6JwFGtzcRDVQb1Q==
Willis,Nacci,2skcowe6Vp6Rwvv8YBDnRw==
Barbabas,O'Kielt,8BjGdcGy+G0FbA+xnfW5jw==
Bernetta,Easdon,2BmFd42zs8OD/I9ZmCEj2w==
Theodoric,Rosenwasser,Ji6t0fy/GDhO8Vu7yEeYDg==
Angy,Warrington,t3GCp4ibGkxJsELyrwfjXg==
Lyndy,Harnes,ZOnpL7M5deU1IFO4QZq0RQ==
Shaun,Cockell,NDoVU9zaUSdyG6g5gXiiAQ==
Ode,Nolleth,eNEHuYxBerNBMUsT0v+1zQ==
Heinrick,Silvermann,EPhpf/GgyvFPmExZXGIBhw==
Brooks,O'Hanley,62ZF+sgWRtHFmUpM9xKMig==
Brannon,Tomkowicz,SgIhZEcP1HR2Bju2EfKLRw==
Colman,Valadez,ZpPEF47WOiRpM3lNX7xdfw==
Howard,Bedding,LDm4sarMjFbD6GsjCDiqAA==
Dorisa,Pointin,uH3WSFMGNDsJIz1MmNNeDQ==
Eadie,Leggin,2sYFQdeAxwJseSeSSEceow==
Corene,Posen,uL0qbVEaaY71aMjNofkw0w==
Charlene,Egginson,jZ0qgSwrwa7DRP5jAho/1w==
Phineas,Dellenbroker,LlLdLjipe8c7p/oPWa7zow==
Guthrey,Yewdall,VBSWtqg9d1PP7aran8Gvxw==
Adolf,Cryer,nCaWaDEcfZyFVp+xwO16Cg==
Oswell,Taylot,Dvx+dJVwD4KFkc3cA6w4og==
Cleavland,Brophy,9ptV6CL2Fg3o6m/vpAwxLw==
Way,Chaplyn,JRK555r+sXgMpDbwtVgy8g==
Carlie,Kimpton,bW/bugt+KO3dP3w/Loh5UQ==
Filippo,Benettini,3xh+8OK1L0MxQ0KUVBdcHA==
Drucy,Worsam,NanyDI4pWSW+NT/Lyqd6Eg==
Hy,Vynoll,G9PCHkFTWZjBk9iEmwPigg==
Cirstoforo,Grzelak,DonW/zc3I/32xtl4onOqaA==
Reeta,Lillistone,MC+CgCq5r7E5gJLEjNIEHg==
Giovanni,Basile,EDwqTJmKVsr8MqL6JW2B8Q==
Gerek,Tolumello,GdjnIshfhCMjAAYBOHU5fQ==
Benn,Kenrat,0Kxnjba4YPNLMqv2Cf8lfA==
Niko,Stolze,HZKEGT+d3ZPe/WT5nXHnHA==
Tallie,Sebley,djcGdKEHt4LDo3MBPHA0vA==
Sanford,Woolard,fvFwZmk+e0cuKvMa2FTFjg==
Rurik,Petrushkevich,yMUb9sNM3LMmHVfQq0KKgA==
Antons,Jurgensen,iDJLu/Ubk3qUGFwRrW/w1A==
Saundra,Witcherley,bFCv+F/jToYiacnDu4IUGA==
Doe,O'Dennehy,O7l2QHDdwykP49v9ARpVUA==
Inness,Todaro,c012xxjp0rceUK33vVvIcw==
Eduardo,Carnegy,fE0Y9bqbJcla/O121A7mkg==
Fran,Reaper,5thf7lx8GAt3cgiWUEhMfA==
Harriette,O'Leary,w3tgmJV9Ie+lffGgXNjJVw==
Ranique,Stearn,YOq90yrtOSh5cTFzbktbJw==
Gerrie,Hefforde,36gLpw3lq+xftiyq+6INuQ==
Chen,Musker,PO/tRtPtFhzNWW51kvGkfw==
Lemuel,Rebanks,ZPMCWyL7rhC/jltYHts6Lg==
Kinnie,Everitt,WoAcfjUkOB6iVD6ADjQInQ==
Bruis,MacCaghan,Vgv23Du8AEUPa/5FcAWxlw==
Hetty,Cammish,7pMVnTX8vivhsKZBhLk4yA==
Carolee,Haythorne,l8AL1A4mLYV5pHc+jgEl+A==
Carlie,Shill,sVr0L2yzxg/TJ4xgQtG2QQ==
Jesselyn,Hews,LeQctzSuGmRM/aZOqwFRZA==
Drucy,Geare,hnYG7/ov+SnWJ7ct2sV67Q==
Winona,Cossem,D7DX1XVRYANdLPFx5LxRaw==
Delly,Garrett,P1B+wd396smbdTo9EMkw8Q==
Lyndell,Hamelyn,b6iMuVhCo6ED14Jl5hYbXg==
Elisabeth,Lunnon,Wik4ey0NHGQl9RY/imWx8Q==
Dud,Eagland,zMFUKEiKlBD0iKKiJm4sYA==
Ulrike,Beaglehole,6OjAm1fE8n3Qw3t9v5rdbA==
Janenna,Cantera,q/2Ra4ucsImetd7/UAcA0w==
Lura,Fullman,dRaux4kzSfy5NremouMNpQ==
Leighton,De Blasi,Hz7/JsCAo2ZYkD28XUzOCA==
Rustin,Yarnold,hSg5HaAVBYhFySk4tMDMbw==
Perice,Dowsett,UX9fFEM2oo1WJHNRVhQn5A==
Jillane,Garthland,8/8xAeW8p3HhYwnW/DbFwg==
Netti,Orhrt,J9ZDTsBtSBtftHm8rKQAhQ==
Felita,Feldmus,UXiA9CYGtiRFSaGTASE1lg==
Cyb,Ragsdall,hy0nv5aZkoiclfoAvD1ukw==
Dynah,Grahlman,1uivB/zG5jt0yPl1r1oH0g==
Barnard,Witcomb,WobCCvjMjRpMAxBBGAFs1w==
Ricky,Heindle,Es786R3F7KmuBZO2rONpzw==
Mahmud,Whitloe,7ecDa7ROWJt7oohC4LFHQw==
Estel,Gebhardt,XFPb1Bo2d0lrRzpnMd7uOQ==
Sherline,Jaggs,usAmk9lf7v0bRMILxfNf+Q==
Reuven,Davidsohn,BMgRiiokH6Euat8Eq0xY9Q==
Malorie,Antill,pzExrBhnhR5LvUpyqsjkUA==
Wernher,Petre,HltXvkYjA6R31NFHasYGhg==
Kylie,Michal,X8JOrdL8tKaixOa2GOEqRA==
Quentin,Rowbottom,ecUiQC/59jHOHLwbA/NTJg==
Terry,Gasken,/XUuJPdTBPQPwTGyWdmoOg==
Karol,Dalman,Xg+/9+MHgcTA3xY8NbQ2CA==
Cissy,Yakobowitch,cZ+82YXP220KS/T3fyMH9w==
Merrili,Hansie,zHsoBMiNz9RMbtQYNrLiVA==
Desi,Wisker,qRLWpshP98vB5+aF+ru8Zg==
Ilario,Woliter,Cvww4HbT4kkRQykcHXdASg==
Bram,Grassot,K2rmd0MPChPcgobzQ4f7yA==
Pamelina,Thecham,zf+kEQYzqsSrYtpflVyA0g==
Kurt,O'Rourke,/vizUMMJtbnOMx8kQesKOg==
Antonin,Pinson,X15ykxikuSVWbwE/Q/SMQA==
Scotty,Hooks,bEaJ7tc7yG9FTjgqAJHS0w==
Halley,Donnison,YNv5YGa+JNaMQCcaUb4y6g==
Kiele,Woodvine,3arVttW8h+KgVPDN4Fe9zg==
Carmela,Outram,8ODenREb01c1vS10A6nBQA==
Dorian,Jachtym,yaig+CLCt+YgVmynSAqlQg==
Cort,Ducham,/bn6LqnEruKODh31TXLcPw==
Simone,Lendon,CLcc9tErQx7t6Gp7ZqhjcA==
Adrea,Treagust,GzklSD1lZWzNCNKujAHtuw==
Janela,Pizzie,ixCmcn3VCZ9e3hTe9IziRQ==
Bonni,Restill,IJImMjQYyC/lEclelp2k6g==
Camella,Matej,7tTRo9wlFMmLbTHe4YlXwA==
Abramo,Artiss,pakYkwG+8027PdnAjazO4w==
Daron,Davie,7Yq/it1AqdhphR4p1Sg6NA==
Phillie,Landman,ghgRlSYVLjWrazbQDfLMWQ==
Pamella,Ashleigh,O/5YO7Xv4A7Dqr8Idtc6aA==
Kennan,Crosbie,K7jAmyULVrcprjh0PY124Q==
Dulcia,Neilus,ARj/qwtSn1fZ4tfMl75+lw==
Jo,Juschke,xJvp9ZLrzc9UtcHzRny2OQ==
Renelle,Bonanno,AhyolElLxMD3LowrHICCqg==
Claudina,Leif,tgKQNjFnOhQZmAKo+3bj2Q==
Cairistiona,Hazelgrove,pk8m0xvh263CPgZwsLYyvA==
Axe,Iannuzzi,nQFgS+uVZZxMjZ2NQ5DnJQ==
Bernadine,Bartrop,Et37SK04zQTic7wJSgI+kg==
Tedd,Wilprecht,RSRTbV8RFOHMODvItnpODA==
Antonie,Jovey,Q/kK5o8493TDMgYEGNJW6Q==
Sherwood,Tegler,DUDkyXIpG21EwHx/R6Kl2A==
Fernande,Dreigher,rEcINmvFAziDMy8CYqaDNg==
Torry,Gorghetto,AaOz4TAjCEgpv3C9tMCmZQ==
Shermie,Arnaldo,MY8C+l/QUwDOZLoqlLf9ug==
Fifine,Losseljong,TcOvIpfcA6WgG1BjsA4qPw==
Boigie,Janning,ptY8t15ZN8sJKRXxfvJYSg==
Kacie,Rookwell,/lxKkAAiGAUyq3Q4WctmHw==
Lindsey,Loudiane,GTECYzJ3y8Tk4BCViwgpFA==
Giacinta,Mumbeson,s9dbbfMFwsU65c4XJbD2PQ==
Christie,Lodge,jcK/rhmIMfuUk6B4LJYlkg==
Serge,Corbett,ou2OjAwPiU2WOHfdSVLsuA==
Clint,Doerrling,Yh6LhunSWwi7dEyTHw9TfA==
Stefano,Whanstall,PntdvlFhEkNsVLIGBWvswQ==
Bernie,Gibbieson,UyAF5eNLFfUa7Nds/nuQgQ==
Gladi,Turneux,7KZhfHgPcFyPI/0EheIKqw==
Giovanna,Ciani,bl9dv165Lem12UUSZDsJBw==
Claresta,Tunna,UH2CMAUH44DgvvqIw9+wsg==
Benetta,Jutson,86tC5OnIB1jbHOR8uh6QYQ==
Dennie,Addey,pdmBtzBRvjHVJ86Q3N9dgA==
Alie,Goodlud,r6LbE36uwbghCzpOjZ+Mag==
Ferd,Campo,PrFm/mQALOC+fThcQFkINw==
Sheri,Pic,CplPk+wVlJZH+4MXnZ4Dsg==
Birch,Skim,1SZOKIQJUyF2XyOH6uVULw==
Griffith,Eagers,j2SQ/Eqc4rObSqCc8keRSQ==
Packston,Spataro,xn7NQ6+DzTpWRjmvtNQuuA==
Dale,Shadfourth,ETHIwm0ypypNGFUL7S0WQA==
Roseanne,Goodburn,VqkokvN8JeU4RiyRef76bA==
Chalmers,Lewnden,dzACwevcomrEL0HlIvqw1g==
Barny,Pattle,SGw3o6UOV9FCXIWl4Y3byg==
Wenona,Andrini,DfMMoQmQ/313LmEdVJgLbg==
Martha,Sweet,wQjov4BoQ1MQt9YO17e3cQ==
Harman,Stockell,4+a0+bDodcl9O3iNvbIMtA==
Rogers,Styan,xM0GBdn14kfm0y/jZ82WWg==
Bryant,O'Reagan,Aufl4psiI8On/UvDMW0Mpw==
Xerxes,Grimestone,UDzf2rdAdZajWnuoZa489g==
Cassondra,Rosenbush,SSR1l+Z+bmvb06RLhVhAfw==
Anna-diane,Seagar,acMBy8yZwQ3tl9MowapFuw==
Allyce,Wemm,6b6CcSe+Gk/uAFMhfc50kQ==
Kingsly,Sowle,94GPGLBEXV5z6NpHxpOOcA==
Beale,Leggatt,4uJLbn/NsiwQpB/z9TN0jQ==
Kristy,Pickston,cNbxHxevewqMGc6R1TOtsQ==
Clara,Surfleet,cvlfFAExPt55hkBq8JU6TA==
Mychal,Klaessen,F7lNSzYvxbe6QhgKJsDXkg==
Latrena,Bedson,tqSqNwXzEyOGUuPaFWftWg==
Sibylla,Lowre,40H20pLA4qVxWmi0utP/hg==
Carmine,Hurtic,Cmcn1Ro7YwW2hSI0bv4+1w==
Gradeigh,Headford,HrvbHLg79XCH0sCQ109FXA==
Sylvia,Lafaye,ArzhUfRl66kW88BKsnD9lw==
Tatum,Fieldstone,gp2ML6EN1v1cQL/X29xX6A==
Abbey,Freear,88CQHgBqs+SW9FWbCe2wLQ==
Merell,Kosel,nR6xTOY9UCWpEaP8wpxchQ==
Zahara,Madill,1fNiBDSZMOXhuscRXUIEDA==
Junie,Dunlea,sSJPbxEdQv+jy9EVAkQ70w==
Culley,Lafay,rwdLcOpn71yHN++wVATPfA==
Chere,Tallman,dIkkb5FPaAAUGmNgEoCcKg==
Patricio,Boshier,8KlLoVXrrDLJuXpW0XxWqg==
Waldon,Mahony,STyR1J+q0v16i2VJXmLfQQ==
Shelton,Kalkofer,lMvOVeAO6G0OoSz2inEJwA==
Faydra,Nussgen,7xpxu3dlpov2yc25FJAvpQ==
Bryn,Roddy,KU934x7oaYS+H963z60M4Q==
Saw,Fauning,jd1gI9O2Vhf713m4qc73bQ==
Hugibert,Facchini,4839yH7nsHwZsiXK0frYNw==
Ladonna,Sieb,nt/SuFm3zIdg7Za+7ZoSyQ==
Patience,Sprott,QB3H79Lg1HmTI9LETVewfg==
Kristi,Hurdidge,LnUR+TaF/rjmuoPN4593Aw==
Cherrita,Dannell,N6T9VzCTbtBfgN7AGMzLlw==
Demetri,Collecott,ramw78Jsef+cnJ2nnHhgGg==
Leah,Acome,d3MCWwA3P5p0wWPDIjLdSw==
Jarrod,Arnaudot,D0ADe2rTdTCpyc/CBo/M3w==
Saunder,Pays,i8WNR1wwyo/346Vzie73Wg==
Julia,Cazereau,UOCCDsYDbCO0pr0+CCY40Q==
Noelle,Alsop,YA1E9KL3TNC1d3ophiETAQ==
Roselle,Thackham,dBzRprC0WeP/eABT8zgvMA==
Engelbert,Georgeon,dd7+56jcUKI/0j7b0Uxkpg==
Gwendolyn,Nanelli,alarZmnS394lWvBSsHTUOA==
Nanon,Peye,8QpFVM1REyTxocyXbMeZMQ==
Beverie,Tweddle,Qt6qhaHgKJVDv1mEp1Pkyw==
Caitlin,Thwaite,rWAwk9Mf4+GciLRPdpzclA==
Fallon,Papierz,jINawJ4IptSjspLLJKOcPw==
Jill,Mangenet,Ojay1c+VpSzTJBsOw1DPkw==
Putnam,Baglin,+6Y31Ek9Zw3wLyeEv+HUmg==
Tracey,Kerwen,GbPUxaS4taNJkGB6aFkoGw==
Alden,Plose,YvQgOjLwsTEmMFr0JKN3EQ==
Bertha,Vlasenko,8eRV9TEU34A8ZTDn1W4qIA==
Roman,Booth,XvkLnhXqPDL1cPhSJfZ+rw==
Lorie,Thatcham,kIJ13DShIVVqpWOb1/a7uQ==
Nikola,Peek,WFxlUuQsbDIyqpElmt227g==
Zach,Gillingwater,xNKjwAeFiPKbq5MFuBxVdw==
Siobhan,Penburton,/TxUXinbVENFuYXOPRt1SA==
Zenia,Clooney,YCcX0L951bSIi7e1+Eo/RA==
Tania,Crampsy,ny54pjObFclzZXn8Zyg+yQ==
Dasha,Maly,g8YeWn43wcYUWTc/99O3kw==
Edeline,Terne,IKhOLsgL6xwah5Hybb/6Jg==
Jayme,Slack,EihzRrEyPw2kg6IAOsS0ig==
Bale,Aberdeen,fJRGVNfCRvr4kZ2b9SqNUQ==
Rufe,Wordington,DhhR+4Lw7PsHiY01f0wh2Q==
Rahel,Featley,4eiYofISDDp2zeZsPTCOnA==
Kort,Dolligon,8JrkQ1gwFuCQdRKIDC4bGA==
Lincoln,Teasdale,aIWqGYSfkYTDyX/myP2RVg==
Peta,Crumpton,HcFTQx6tAhV0vpJ+REGDXA==
Talyah,Tolemache,2tBjrP8Wr1nwuwQD+fxzew==
Bert,Lochrie,aRuy5D8C8CBSFyJJ//FBNg==
Lucie,Cowburn,vWNsvM2HjmS1Nwx+7ygBBQ==
Konstantine,Quirke,ihUVEowZyEP6JRhaB/s7Cw==
Moises,Cardno,Bw2aFIZlKQ0NpvodmY4TNw==
Agustin,Tandey,hweJMfEpEF6XLt3JUb6jKw==
Livvy,Cudbertson,kY9+yFIYy+0ZoxgTea4jMg==
Berti,Echalie,yaukTM2XYMSF7P62kKkSIw==
Larissa,Tschursch,ERv4tsy9tOoaLN4sKs4ong==
Arlin,Tidcomb,uhtyGd3Ays6GU1t6GaiZeg==
Emmalynn,Brekonridge,E/qTlsJawj7jqeHj+Tm+XA==
Dianna,Sinncock,GYCXVQlm48R0jL/bHj5njA==
Mellicent,Martynikhin,a9ttti0mCQPojy81AxuL2A==
Augustine,Pepall,sk+rofSCtXZq+KPMK9l3dw==
Elie,Jurgenson,XlkO0my7O2urcs6u0k0zlQ==
Yancey,Baguley,AqjJQtGYhC7AGG7Qo2KG6g==
Garreth,Colston,mRRcM8ML4rtOVDsC82bwsg==
Carlynn,Heditch,NSEupj9SmmyjTUSW2w69uQ==
Kary,Straneo,HJNxI/eKseWCKivsTlVjxQ==
Lavinie,Bendall,3iG0AzG7HFX7oAQr4XFLeg==
Oona,Mallebone,iuEghgEE6xNEvITkHGXDsA==
Sheila,Louiset,uCzvnRIenthtxO331JsQWQ==
Jeth,Bimrose,2qSD8gZRQ93nt+IINkJt9A==
Olwen,Poter,Acj+y5TI48oe0/8BrIw+9g==
Katharine,Forlong,ZER+EcO6ZECjaE2OnooPvQ==
Coralyn,Sellan,uQS4+K8dllNGyQWn4vSjwA==
Pietra,Maddox,pcDnjExx39QwYqSXFIAyoQ==
Debra,Lapping,x3inBtGy6McIzuu3UnId4Q==
Nell,Fawdry,bO9vWon6qZ7T50e8PoWDNg==
Waneta,Gunthorpe,J2SZAdDLDZIoKAjs3x3pAw==
Alissa,Birney,ioX2v7WJNMT8gL1u8Pjveg==
Annalise,Helsdon,VP7/UVYbiM+PG93crqFzCA==
Guenevere,Felgat,uxzuQ+xJtV4B/jDT3k8m4Q==
Audy,Everwin,oCKT7IhaTAzknJRq0hsWlw==
Sidonia,Riddick,G/ehY6pY3eJuLJoHRDUQDQ==
Maryjane,Brehaut,naL96enTkyY7DbB1dq7I5A==
Henri,Nuzzi,JNjL2FQjtZz1VJcQAbHS6A==
Dru,Silverson,Du/IwQc6e710Y7ZJAMApHQ==
Errick,Grigoroni,Ezaim/gcBHBdqC5vM3VSKw==
Alessandra,Jakoviljevic,qz2XiOAhfYH0LyMydCYt9g==
Koralle,Gullyes,p5lejc5kplp4XCItxGlyzw==
Godiva,Coatts,T5serMJT2QyAfsxT/Q43PQ==
Hermine,Izkovitch,xJ8q6UG5wpBgXltbjjYPSg==
Coral,Ivashintsov,MABzxEnoLljo7Lt9KTQz+w==
Marrilee,Caveau,l2ntalSVvtFeXunFr+u0HA==
Pete,Badcock,Bb48oqk6J8cCNLUtR3+lxA==
Nona,Bianco,uksd64lT6Z1LGgkEUDI5sA==
Janith,Anderson,IFSzo95dM1rhn3/YcBLuUw==
Gregorius,Woodrough,YyzScl1vaK84gYhpzy3GJw==
Babette,Stollmeyer,ZhQWION/reNuTREyEmJPCw==
Dawn,Swaffer,QJrLoSWJBKFKbRsJaPZtJg==
Halsy,Kimbrough,kSJenR/n75Rh5B4cTZyTqw==
Ewart,Barkess,0Q7SHNZJipK1jgGg891HdQ==
Nicky,Woodman,gmsuCxdiNnUmhXD0qhxteA==
Henrieta,Aingel,oRvXuv0oUm4hsltx2QEvGQ==
Jimmie,Learmonth,kLBwYgAS/osWzMfh6HhEfA==
Cathlene,Bennell,4VnHrr0RQ+MiwfyLAe1p2g==
Reagen,Uman,zp+IkyDUqhqMA4oZfDVSEw==
Alleyn,Gemnett,GZhNZo6gJ++qunwqQA6ZqA==
Roxine,Dionisio,z6nnjvtBVsQcrqEngbs1eg==
Darrick,Pegg,RNznY4Vic4aHRQr7rlZfpw==
Stevana,Stronough,sYVZI9KsG5FYVRK/eYgVrw==
Salmon,Rubenfeld,IrGDPyIsO7hVcpCiAoIBbg==
Aldridge,Willavize,pKL/Fr4TGhfvxXh5PhK5/Q==
Celia,Erni,gyY+gSefC4xAZvo4T0IVUQ==
Aeriel,Colbeck,d1kH32Xe1O0AvJCJ/K7VCA==
